0,1
Code of  Virginia  Section,Section  this Code
1-7,1-7
1-9,1-8
1-10 et seq.,1-7
1-12,1-8
1-13 et seq.,1-2
1-13.9,1-3
1-13.39:1,1-11
1-15,1-2
1-16,1-9
1-13.39:2,9-1
2.1-340 et seq.,11-19
,12-19
2.1-344,12-19
2.1-639.12 et seq.,11-19
2.2-3115,2-24
2.2-3117,2-22
2.2-4300 et seq.,"2-89, 2-90"
2.2-4304,2-96
2.2-4308,2-120
2.2-4367 et seq.,2-130
3.1-22.13 et seq.,2-3
3.1-758 et seq.,Ch. 13
3.1-796-94:1,3-1
3.1-796.66 et seq.,Ch. 3
3.1-796.68 et seq.,Ch. 3
3.1-796.78 et seq.,"Ch. 3, Art. II"
,"Ch. 3, Art. II, Div. 3"
3.1-796.84 et seq.,Ch. 3
,"Ch. 3, Art. II"
,"Ch. 3, Art. II, Div. 3"
3.1-796.94,Ch. 3
,"Ch. 3, Art. II"
"3.1-796.94:1, 3.1-796.94:2",Ch. 3
3.1-796.97,3-39
3.1-796.100,"Ch. 3, Art. II, Div. 2"
3.1-796.104 et seq.,"Ch. 3, Art. II"
3.1-796.127 et seq.,Ch. 3
3.2-300,10-30
3.2-3900,13-9
"tit. 3.2, ch. 65",3-3
3.2-6500,3-30
3.2-6527,3-20
3.2-6529,3-20
,"Ch. 3, Art. II"
3.2-6538,3-26
3.2-6543,3-19
3.2-6544,3-1
3.2-6556,3-28
3.2-6562,3-29
tit. 4.1,"App. A, § 920"
4.1-100,14-121
,7-241
4.1-129,7-5
4.1-207,"App. A, § 302"
4.1-210,7-241
4.1-308(c),12-28
8.01-63 et seq.,Ch. 9
9-1.101,3-3
"9-77.9, 9-77.10","1-10, 1-11"
10-276,Ch. 13
10.1-560 et seq.,"Ch. 11, Art. III"
,11-35
10.1-561,11-37
,11-38
10.1-561.1,11-37
10.1-563(E),11-38
10.1-564,11-38
10.1-570,"Ch. 11, Art. III"
10.1-603.19:1,"App. A, § 713.03"
10.1-604 et seq.,11-51
,"App. A, § 713.03"
10.1-613.4,"App. A, § 713.03"
10.1-1100 et seq.,11-51
10.1-1163(B),11-51
10.1-1400,11.5-39
10.1-1400 et seq.,Ch. 13
,"Ch. 13, Art. II"
10.1-1414,13-27
10.1-1414 et seq.,10-78
,Ch. 13
,"Ch. 13, Art. II"
10.1-1418.1,13-28
10.1-1424,13-30
tit. 15.1,"App. A, § 103"
15.1-427,"App. A, § 103"
,"App. A, § 201"
15.1-489,"App. A, § 201"
tit. 15.2,Ch. 2
"tit. 15.2, ch. 22","App. A, § 1402"
"tit. 15.2, Ch. 49",2-8
"tit. 15.2, Art. 6","App. A, § 1503.02"
15.2-300 et seq.,Ch. 2
15.2-806 et seq.,Ch. 12
15.2-900,4-117
15.2-901,10-70
,13-31
,13-33
,13-37
,"Ch. 13, Art. V"
,13-55—13-58
15.2-904,"Ch. 9, Art. IV"
15.2-906,Ch. 4
15.2-907.1,7-351—7-355
15.2-913,7-93
15.2-919,Ch. 9
15.2-925,11.5-9
15.2-928,13-26
15.2-1102,11.5-9
,13-29—13-35
15.2-932 et seq.,Ch. 13
15.2-953,2-2
15.2-955,2-2
15.2-1100 et seq.,Ch. 2
15.2-1113,10-5
15.2-1115,10-27
,"App. A, § 906"
,"App. A, § 912"
15.2-1200,Ch. 3
,7-1
,7-3
,10-28
,11.5-9
,Ch. 13
15.2-1200 et seq.,Ch. 2
,13-93
,13-104
15.2-1201,Ch. 2—Ch. 4
,10-5
,10-27
,15-82
15.2-1202,Ch. 14
15.2-1211,5-16
15.2-1400 et seq.,Ch. 2
15.2-1426,1-6
15.2-1427,1-1
,1-6
,1-8
15.2-1429,1-4
,1-8
,13-39
15.2-1432,10-27
15.2-1433,1-1
,1-6
,"1-11, 1-12"
,App. A
15.2-1500 et seq.,Ch. 2
15.2-1502,1-2
15.2-1522,11-17
,12-17
15.2-1540 et seq.  1-12,15.2-1540 et seq.  1-12
,Ch. 2
15.2-1609.9,2-2
15.2-1613.1,2-6
15.2-1712,10-8
15.2-2009 et seq.  Ch. 4,15.2-2009 et seq.  Ch. 4
15.2-2019,11.5-132
15.2-2108,"Ch. 7, Art. VI"
,"7-166, 7-167"
15.2-2109 et seq.  Ch. 15,15.2-2109 et seq.  Ch. 15
15.2-2122,"Ch. 15, Art. III"
15.2-2126 et seq.,"Ch. 15, Art. III"
15.2-2149 et seq.,8-39
,"Ch. 15, Art. II"
15.2-2157,15-82
15.2-2200 et seq.,Ch. 11
,13-93
,13-104
,App. A
,"App. A, § 103"
,"App. A, § 201"
15.2-2200—15.2-2327,"App. A, § 1401"
15.2-2204,"App. A, § 504"
,"App. A, § 921"
,"App. A, §§ 1003—1006"
,"App. A, § 1008"
,"App. A, § 1202"
,"App. A, § 1402"
15.2-2210 et seq.,"Ch. 11, Art. II"
15.2-2210—15.2-2222,11-16
15.2-2217,11-21
15.2-2221,11-18
15.2-2222,11-21
15.2-2223 et seq.  11-18,15.2-2223 et seq.  11-18
15.2-2223—15.2-2232,"App. A, § 302"
15.2-2233 et seq.  11-18,15.2-2233 et seq.  11-18
15.2-2234,11-18
15.2-2239,11-18
15.2-2240,11-18
15.2-2240—15.2-2279,"App. A, § 102"
15.2-2259,"App. A, § 713.03"
15.2-2260,"App. A, § 713.03"
15.2-2264,"App. A, §§ 1203, 1204"
,"App. A, § 1207"
15.2-2280,"App. A, § 714"
15.2-2280 et seq.  11-18,15.2-2280 et seq.  11-18
15.2-2280—15.2-2316,"App. A, § 101"
15.0l-2283 et seq.,13-93
,13-104
15.2-2283,"App. A, § 201"
15.2-2285,11-18
15.2-2286,"App. A, § 1402"
15.2-2307,"App. A, § 601"
15.2-2312,"App. A, § 1402"
15.2-2500 et seq.  Ch. 2,15.2-2500 et seq.  Ch. 2
15.2-2600 et seq.  Ch. 2,15.2-2600 et seq.  Ch. 2
15.2-4900 et seq.,"Chs. 11, 12"
15.2-5600 et seq.,"Chs. 11, 12"
15.2-5700 et seq.,Ch. 12
16.1-278 et seq.,9-1
17.1-223,"App. A, § 1503"
17.1-279.1,9-4
17.1-281,2-4
tit. 18.2,Ch. 10
,10-104
,15-1
18.2-9,1-4
18.2-11,1-4
18.2-30 et seq.,2-7
18.2-48,2-7
18.2-53.1,2-7
18.2-61 et seq.,2-7
18.2-77 et seq.,2-7
18.2-119,10-1
18.2-132 et seq.,10-1
18.2-144,Ch. 3
18.2-146 et seq.,Ch. 9
18.2-149,Ch. 3
18.2-246.3,14-151
18.2-247 et seq.,14-151
18.2-248,11.5-84
18.2-248.03,11.5-84
18.2-258,Ch. 7
18.2-266,9-3
18.2-266 et seq.,9-1
18.2-280,12-1
18.2-308,10-104
18.2-319,10-4
18.2-323,Ch. 3
18.2-340.15 et seq.,7-113
18.2-340.15—18.2-340.38,7-113
18.2-340.16,7-111
18.2-340.16 et seq.,"Ch. 7, Art. IV"
18.2-340.32,"Ch. 7, Art. IV"
18.2-340.33,7-111
18.2-247 et seq.,2-7
18.2-355,2-7
18.2-361,2-7
18.2-370,2-7
18.2-370.1,2-7
18.2-374.1,2-7
18.2-379,2-7
18.2-388,7-1
,10-3
18.2-403.1 et seq.,Ch. 3
18.2-405 et seq.,10-107
18.2-415,7-1
,10-2
18.2-414.1,11.5-75
18.2-463,2-3
18.2-498.1 et seq.,"Ch. 2, Art. II"
18.2-51.14,9-3
18.2-247 et seq.,14-151
19.2-76.2,Ch. 9
,Ch. 13
19.2-389(A)(7),2-7
19.2-389(a)(25),2-7
"tit. 19.2, ch. 15, art. 4  3-28","tit. 19.2, ch. 15, art. 4  3-28"
24.2-100 et seq.,Ch. 5
24.2-304—24.2-310.1,5-17
24.2-304.1 et seq.  5-16,24.2-304.1 et seq.  5-16
24.2-712,5-17.1
27-34.2,11.5-107
27-97,11.5-41
27-98,11.5-37
27-41 et seq.,2-2
27-94 et seq.,10-5
tit. 29.1,7-304
29.1-100 et seq.,"Ch. 3, Art. III"
29.1-514,12-1
29.1-529,10-7
29.1-531 et seq.,3-77
29.1-738,9-3
30-14.1,1-1
32.1-1 et seq.,7-244
32.1-30 et seq.,8-17
,Ch. 15
32.1-48.1 et seq.,"Ch. 3, Art. II"
,"Ch. 3, Art. II, Div. 2"
32.1-111.14,11.5-76
32.1-163 et seq.,8-39
,Ch. 15
32.1-164 et seq.,15-82
32.1-164.5 et seq,13-91
32.1-167 et seq.,8-39
,15-36
32.1-198 et seq.,7-3
tit. 33.1,"App. A, § 907"
33.1-25,"App. A, § 302"
33.1-67,"App. A, § 302"
33.1-197,"App. A, §§ 911, 912"
,"App. A, § 921"
33.1-198,"App. A, § 603"
,"App. A, §§ 902—904"
,"App. A, § 906"
,"App. A, § 908"
,"App. A, §§ 911, 912"
,"App. A, § 921"
,"App. A, § 1104"
33.1-346,13-8
33.1-346 et seq.,Ch. 13
33.1-351 et seq.,"App. A, § 708  App. A, § 709, App. A, § 907"
33.1-351—33.1-381,"App. A, § 907"
33.1-369,"App. A, § 907"
33.1-373,"App. A, § 907"
33.1-379,"App. A, § 907"
33.2-241,"App. A, § 602"
33.2-310 et seq.,9-150
33.2-800 et seq.,10-78
33.2-802,13-8
,13-26
,13-29—13-34
,13-39
tit. 35.1,7-6
35.1-1,14-121
36-70 et seq.,"App. A, § 302.83.2"
36-85.3,14-11
36-97 et seq.,Ch. 4
,"App. A, § 302"
36-105,4-28
,4-6
36-106,4-1
36-106(C),4-200
37.1-197.2,2-7(c)
tit. 38.2,7-93
40.1-79.1,11.5-17
44-146.13 et seq.,2-3
44-146.13—44.146.28:1,2-3
44-146.19,11.5-9
44-146.21,2-3
,11.5-9
44-146.23,2-3
44-146.37,11.5-81
44-147 et seq.,2-3
"tit. 44, ch. 3.2",10-28
tit. 45.1,11-51
45.1-180 et seq.,"App. A, § 910"
45.1-222,"App. A, § 713.02"
45.1-225.1,"App. A, § 713.02"
45.1-361.1 et seq.,"App. A, § 707"
45.1-361.1—45.1-361.44,"App. A, § 601"
,"App. A, § 701"
,"App. A, § 703"
,"App. A, § 704"
,"App. A, § 705"
,"App. A, § 706"
,"App. A, § 708"
tit. 46.2,Ch. 9
,"App. A, § 302"
46.2-100,9-30
,9-150
,10-28
,11.5-107
,14-15
46.2-300 et seq.,9-3(a)
46.2-600 et seq.,"Ch. 9, Art. II"
,9-133.22
,9-133.23
,9-186
46.2-607,9-36
46.2-617,9-181
46.2-646,9-33
46.2-649.1:1,9-30
46.2-653 et seq.,Ch. 8
46.2-692,9-36
46.2-694,9-30
46.2-694 et seq.,"Ch. 9, Art. II"
,9-30
46.2-698,13-30
46.2-730A,9-30
46.2-731,9-7
46.2-739,9-7
,9-30
46.2-744,9-30
46.2-745,9-30
46.2-746,9-30
46.2-750,9-30
46.2-750.1,9-30
46.2-752,9-28
,9-37
46.2-752A,9-30
46.2-752 et seq.,"Ch. 9, Art. II"
46.2-752(K),9-37
46.2-755,9-28
46.2-800 et seq.,Ch. 9
46.2-852 et seq.,9-3(a)
46.2-943,Ch. 9
46.2-1052,"Ch. 9, Art. II"
,9-34
46.2-1155,13-30
46.2-1207,9-182
46.2-1220,9-188
46.2-1221,9-188
46.2-1238,9-7
46.2-1300 et seq.,Ch. 9
46.2-1300(C),Ch. 9
46.2-1307,11.5-8
46.2-1313,9-1
tit. 48,10-27
49.1,11-17
,12-17
49.9,1-2
53.1-95.2 et seq.,9-30
53.1-120,2-5
53.1-128,10-61
53.1-129,13-28
54.1-100 et seq.,Ch. 7
54.1-400 et seq.,11-36
54.1-2900,14-163
54.1-3400 et seq.,14-151
54.1-3401,"App. A, § 302"
54.1-4100 et seq.,"Ch. 7, Art. V"
54.1-4109,7-138
55-26.1 et seq.,Ch. 2
55-79.39—55-79.103,"App. A, § 911"
,"App. A, § 912"
,"App. A, § 921"
55-79.41,"App. A, § 302"
55-217 et seq.,4-6
55-248.49,Ch. 8
55-248.2 et seq.,4-6
55-336 et seq.,App. A
55-791.2,"App. A, § 302"
56-412.1 et seq.,Ch. 9
56-575.1 et seq.,"2-86, 2-110"
56-594,"14-112, 14-113"
,"App. A, § 918"
tit. 58.1,Ch. 14
,14-62
58.1-15,14-77
58.1-600 et seq.,14-1
,14-3
58.1-603—58.1-605,14-1
"58.1-605, 58.1-606","14-2, 14-3"
58.1-606,14-4
58.1-622,14-1
,14-3
58.1-628,14-1—14-4
58.1-1200 et seq.,"Ch. 14, Art. III"
,"14-78, 14-79"
58.1-1201,14-76
58.1-1204,14-78
58.1-1205,14-76
58.1-1207,14-79
58.1-1211,"14-78, 14-79"
58.1-1212,14-79
58.1-2401,9-26
,9-30
,"App. A, § 302.83.2"
58.1-2402,9-26
,9-30
58.1-2901,"14-112, 14-113"
58.1-3000 et seq.,Ch. 14
58.1-3200 et seq.,"Ch. 14, Art. II"
58.1-3210 et seq.,"Ch. 14, Art. II, Div. 2"
58.1-3210,14-38
58.1-3217,14-39
,14-39
58.1-3219.5,14-38
58.1-3229 et seq.,"Ch. 14, Art. II, Div. 3"
,14-56
58.1-3230,14-57
58.1-3233(2),14-57
58.1-3235,14-63
58.1-3236,14-57
58.1-3237,14-60
58.1-3330,14-57
58.1-3503,Ch. 8
,14-15
58.1-3504,14-15
58.1-3505,14-6
58.1-3506,Ch. 8
,14-11
58.1-3511,9-37
"58.1-3520, 58.1-3521",Ch. 8
58.1-3523,14-14
58.1-3660,14-7
58.1-3700 et seq.,Ch. 7
58.1-3701,14-144
58.1-3703—58.1-3706,7-91
58.1-3703.1,14-147
,14-148
58.1-3711,14-98
58.1-3715,14-141
,14-144
"58.1-3717, 58.1-3718",7-91
58.1-3727,14-164
58.1-3728,7-2
58.1-3800 et seq.,14-5
58.1-3813,"7-281, 14-112"
58.1-3813(B),14-114
58.1-3814,"14-112, 14-113"
58.1-3814(F and G),14-112
58.1-3814(H and I),14-113
58.1-3814(J),14-113
58.1-3819,14-98
58.1-3916,14-8
58.1-3919,14-9
58.1-3940 et seq.,4-86
58.1-3965 et seq.,4-86
58.1-3984,14-145
,14-148
58.1-3986,14-144
58.1-3993,14-144
59.1-142 et seq.,10-5
62.1-44.2 et seq.,Ch. 15
62.1-44.15:24 et seq.,11-52
62.1-44.15:51 et seq.,11-50
62.1-44.15:54,11-52
62.1-44.15:65,11-52
62.1-44.19:3,13-92
,13-93
,13-104
62.1-44.19:3.1,13-104
62.1-44.19:3.3,13-104
62.1-44.19:13(C),"App. A, § 917"
62.1-44.34:8,11.5-39
63.1-196,"App. A, § 302"
63.2-2200,"App. A, § 302"
